,Expected,Predicted
17,170.5032,[174.40681]
20,-277.92717999999996,[-266.20633]
0,414.0792,[419.44797]
15,350.1036,[354.02982]
6,458.89242,[464.4342]
2,431.1992,[436.5054]
19,274.42896,[279.18784]
4,-286.875,[-269.1825]
3,350.9832,[356.54742]
22,-94.20716,[-92.96275]
18,181.87008,[185.86726]
13,-24.13704,[-22.47338]
1,348.59062,[353.23596]
8,994.0767,[981.7294]
11,848.0902,[841.68994]
5,383.50054,[389.6225]
